<?xml version="1.0" encoding="UTF-8"?><metadata><idinfo><citation><citeinfo><origin>Government of New Brunswick (comp.)</origin><pubdate>20180316</pubdate><title>New Brunswick County Boundaries</title><edition>001</edition><geoform>none</geoform><onlink>http://geonb.snb.ca/downloads/county</onlink></citeinfo></citation><descript><abstract>County Boundaries for New Brunswick</abstract><purpose>To identify the limits of counties in New Brunswick, to provide the public with a digital representation of counties, and to promote the use of a common geometric representation of counties in New Brunswick.</purpose></descript><timeperd><timeinfo><rngdates><begdate>20040101</begdate><enddate>20040101</enddate></rngdates></timeinfo><current>date created</current></timeperd><status><progress>Complete</progress><update>updated 2018</update></status><spdom><bounding><westbc>-69.05662</westbc><eastbc>-63.76924</eastbc><northbc>48.07934</northbc><southbc>44.50167</southbc></bounding></spdom><keywords><theme><themekt>none</themekt><themekey>county</themekey><themekey>boundary</themekey><themekey>county boundaries</themekey><themekey>provincial</themekey><themekey>New Brunswick</themekey></theme><place><placekt>Canadian Geographical Names Data Base (CGNDB)</placekt><placekey>New Brunswick</placekey><placekey>New Brunswick</placekey><placekey>New Brunswick</placekey></place><temporal><tempkt>none</tempkt><tempkey>none</tempkey></temporal></keywords><accconst>As outlined in the GeoNB Open Data Licence - http://geonb.snb.ca/documents/license/geonb-odl_en.pdf</accconst><useconst>As outlined in the GeoNB Open Data Licence - http://geonb.snb.ca/documents/license/geonb-odl_en.pdf</useconst><ptcontac><cntinfo><cntorgp><cntorg>Service New Brunswick</cntorg><cntper>GeoNB</cntper></cntorgp><cntpos>GeoNB Support</cntpos><cntaddr><addrtype>mailing address</addrtype><address>Service New Brunswick</address><address>P.O. Box 1998</address><city>Fredericton</city><state>NB</state><postal>E3B 5G4</postal><country>Canada</country></cntaddr><cntaddr><addrtype>physical address</addrtype><address>Service New Brunswick</address><address>985 College Hill Road</address><city>Fredericton</city><state>NB</state><postal>E3B 4J7</postal><country>Canada</country></cntaddr><cntvoice>(506) 457-3581</cntvoice><cntfax>(506) 453-3898</cntfax><cntemail>geonb@snb.ca</cntemail><hours>0815 - 1630 AST (GMT - 0400), Monday to Friday</hours></cntinfo></ptcontac><browse><browsen>http://geonb.snb.ca/documents/browse_graphic/geonb_county_browsegraphic.jpg</browsen><browsed>County boundaries displayed on a map of New Brunswick</browsed><browset>JPEG</browset></browse><secinfo><secsys>None</secsys><secclass>Unclassified</secclass><sechandl>None</sechandl></secinfo></idinfo><dataqual><logic>Unknown</logic><complete>complete</complete><posacc><horizpa><horizpar>Horizontal Accuracy Statement</horizpar><qhorizpa><horizpav>&lt;1m</horizpav><horizpae>A</horizpae></qhorizpa></horizpa><vertacc><vertaccr>Vertical Accuracy Statement</vertaccr><qvertpa><vertaccv>none</vertaccv><vertacce>none</vertacce></qvertpa><qvertpa><vertaccv>none</vertaccv><vertacce>none</vertacce></qvertpa></vertacc></posacc><lineage><procstep><procdesc>county boundary lines extracted from the Digital Property Map Database.</procdesc><procdate>20040101</procdate><proccont><cntinfo><cntperp><cntper>GeoNB Support</cntper><cntorg>Devel Tech Inc.</cntorg></cntperp><cntpos>none</cntpos><cntaddr><addrtype>mailing address</addrtype><address>none</address><city>none</city><state>none</state><postal>none</postal><country>Canada</country></cntaddr><cntaddr><addrtype>physical address</addrtype><address>none</address><city>none</city><state>none</state><postal>none</postal><country>Canada</country></cntaddr><cntvoice>none</cntvoice><cntfax>none</cntfax><cntemail>none</cntemail><hours>none</hours><cntinst>All questions should be directed to GeoNB (geonb@snb.ca)</cntinst></cntinfo></proccont></procstep></lineage></dataqual><spref><horizsys><planar><gridsys><gridsysn>other grid system</gridsysn><othergrd>PROJCS["NAD83(CSRS) / New Brunswick Stereo", GEOGCS["NAD83(CSRS)", DATUM["D_North_American_1983_CSRS98", SPHEROID["GRS_1980", 6378137, 298.257222101]], PRIMEM["Greenwich",0], UNIT["Degree",0.0174532925199433]], PROJECTION["Double_Stereographic"], PARAMETER["Latitude_Of_Origin",46.5], PARAMETER["central_meridian",-66.5], PARAMETER["scale_factor",0.999912], PARAMETER["false_easting",2500000], PARAMETER["false_northing",7500000], UNIT["Meter",1]]

EPSG 2953</othergrd></gridsys><planci><plance>coordinate pair</plance><coordrep><absres>0.01</absres><ordres>0.01</ordres></coordrep><plandu>metres</plandu></planci></planar><geodetic><horizdn>NAD83 (CSRS)</horizdn><ellips>Geodetic Reference System 80</ellips><semiaxis>6378137.0</semiaxis><denflat>298.257222101</denflat></geodetic></horizsys><vertdef><altsys><altdatum>Canadian Geodetic Vertical Datum of 1928 (GCVD28)</altdatum><altres>0.02</altres><altunits>metres</altunits><altenc>Explicit elevation coordinate included with horizontal coordinates</altenc></altsys></vertdef></spref><eainfo><overview><eaover>Area - grid cell area
DISPX - Easting coordinate of midpoint East edge
DISPY - Northing Coordinate of mindpoint East edge
Keyword - unique grid cell identifier
UserNum - User Number
FCODE - Feature Code
SourceID
English Name
French Name
Date - Date of Creation</eaover><eadetcit>Administrative Areas Database (AADB) Module Technical Specifications for the New Brunswick Digital Topographic Data Base(DTDB98) Version 1.3</eadetcit></overview></eainfo><distinfo><distrib><cntinfo><cntorgp><cntorg>Service New Brunswick</cntorg><cntper>GeoNB</cntper></cntorgp><cntpos>GeoNB Support</cntpos><cntaddr><addrtype>mailing address</addrtype><address>Service New Brunswick</address><address>P.O. Box 1998</address><city>Fredericton</city><state>NB</state><postal>E3B 5G4</postal><country>Canada</country></cntaddr><cntaddr><addrtype>physical address</addrtype><address>Service New Brunswick</address><address>985 College Hill Road</address><city>Fredericton</city><state>NB</state><postal>E3B 4J7</postal><country>Canada</country></cntaddr><cntvoice>(506) 457-3581</cntvoice><cntfax>(506) 453-3898</cntfax><cntemail>geonb@snb.ca</cntemail><hours>0815 - 1630 AST (GMT - 0400), Monday to Friday</hours></cntinfo></distrib><resdesc>Digital Property Map Database (DPM)</resdesc><distliab>As outlined in the GeoNB Open Data Licence - http://geonb.snb.ca/documents/license/geonb-odl_en.pdf</distliab></distinfo><metainfo><metd>20180309</metd><metc><cntinfo><cntorgp><cntorg>Service New Brunswick</cntorg><cntper>GeoNB</cntper></cntorgp><cntpos>GeoNB Support</cntpos><cntaddr><addrtype>physical address</addrtype><address>Service New Brunswick</address><address>985 College Hill Road</address><city>Fredericton</city><state>NB</state><postal>E3B 4J7</postal><country>Canada</country></cntaddr><cntaddr><addrtype>mailing address</addrtype><address>Service New Brunswick</address><address>P.O. Box 1998</address><city>Fredericton</city><state>NB</state><postal>E3B 5G4</postal><country>Canada</country></cntaddr><cntvoice>(506) 457-3581</cntvoice><cntfax>(506) 453-3898</cntfax><cntemail>geonb@snb.ca</cntemail><hours>0815 - 1630 AST (GMT - 0400), Monday to Friday</hours></cntinfo></metc><metstdn>FGDC Content Standards for Digital Geospatial Metadata</metstdn><metstdv>FGDC-STD-001-1998</metstdv><mettc>local time</mettc></metainfo></metadata>